adult,backdrop_path,belongs_to_collection,budget,genres,homepage,id,imdb_id,original_language,original_title,overview,popularity,poster_path,production_companies,production_countries,release_date,revenue,runtime,spoken_languages,status,tagline,title,video,vote_average,vote_count
False,/igO0gR0KyGv4LtU4xTOx1TBMaFM.jpg,,0,[],,691329,,en,Endgame & Rough for Theatre II,"Hamm is an ageing, blind tyrant who is confined to a wheelchair – but soon becomes locked in a bleakly funny and subversively devastating stalemate.  Endgame forms the first half of a double bill, performed alongside Samuel Beckett’s rarely-seen short play Rough for Theatre II.",2.959,/aCsEmMynu4jHN91zSom8z1muxTV.jpg,[],"[{'iso_3166_1': 'GB', 'name': 'United Kingdom'}]",2020-04-01,0,104,"[{'english_name': 'English', 'iso_639_1': 'en', 'name': 'English'}]",Released,,Endgame & Rough for Theatre II,False,0.0,0
False,/8ac7F60WvgdOSJ3c5TptoaHeIFd.jpg,,0,"[{'id': 99, 'name': 'Documentary'}]",http://infowars-shop.stores.yahoo.net/endgamedvd.html,18312,tt1135489,en,Endgame: Blueprint for Global Enslavement,"For the New World Order (NWO), a world government is just the beginning. Once in place they can engage their plan to exterminate 80% of the world's population, while enabling the 'elites' to live forever with the aid of advanced technology. For the first time, crusading filmmaker Alex Jones reveals their secret plan for humanity's extermination: Operation Endgame.",7.253,/l8t0Z8y0fhSVChzbUf9TOfNh5R7.jpg,"[{'id': 4572, 'logo_path': None, 'name': 'Alex Jones Productions', 'origin_country': ''}]","[{'iso_3166_1': 'US', 'name': 'United States of America'}]",2007-11-01,0,139,"[{'english_name': 'English', 'iso_639_1': 'en', 'name': 'English'}]",Released,,Endgame: Blueprint for Global Enslavement,True,7.1,26
False,/7RyHsO4yDXtBv1zUU3mTpHeQ0d5.jpg,"{'id': 86311, 'name': 'The Avengers Collection', 'poster_path': '/yQpAleQ1KHebVem2vwWL6VPqILT.jpg', 'backdrop_path': '/zuW6fOiusv4X9nnW3paHGfXcSll.jpg'}",356000000,"[{'id': 12, 'name': 'Adventure'}, {'id': 878, 'name': 'Science Fiction'}, {'id': 28, 'name': 'Action'}]",https://www.marvel.com/movies/avengers-endgame,299534,tt4154796,en,Avengers: Endgame,"After the devastating events of Avengers: Infinity War, the universe is in ruins due to the efforts of the Mad Titan, Thanos. With the help of remaining allies, the Avengers must assemble once more in order to undo Thanos' actions and restore order to the universe once and for all, no matter what consequences may be in store.",282.089,/ulzhLuWrPK07P1YkdWQLZnQh1JL.jpg,"[{'id': 420, 'logo_path': '/hUzeosd33nzE5MCNsZxCGEKTXaQ.png', 'name': 'Marvel Studios', 'origin_country': 'US'}]","[{'iso_3166_1': 'US', 'name': 'United States of America'}]",2019-04-24,2797800564,181,"[{'english_name': 'English', 'iso_639_1': 'en', 'name': 'English'}, {'english_name': 'Japanese', 'iso_639_1': 'ja', 'name': '日本語'}, {'english_name': 'Xhosa', 'iso_639_1': 'xh', 'name': ''}]",Released,Part of the journey is the end.,Avengers: Endgame,False,8.3,17867
False,/vScBqbDYn95Az8SvNoYKGvFFVmy.jpg,,0,"[{'id': 99, 'name': 'Documentary'}]",https://www.endgame2050.com/,720914,tt12292428,en,Endgame 2050,"What will the future be like in the year 2050? Endgame 2050 is a feature-length documentary that gives us a glimpse into that future, and it does not look good. Featuring musician Moby along with leading scientists, and created by physician turned environmentalist Sofia Pineda Ochoa, Endgame 2050 is an urgent call to action to tackle the existential crises bearing down on the planet.",2.834,/zcGm1iSkR4p6YawvFpJx04JfHOX.jpg,[],[],2020-05-19,0,93,"[{'english_name': 'English', 'iso_639_1': 'en', 'name': 'English'}]",Released,Humanity's Last Chance is Now,Endgame 2050,False,10.0,1
False,,,0,"[{'id': 99, 'name': 'Documentary'}, {'id': 10402, 'name': 'Music'}]",,545817,tt12861690,en,Britten's Endgame,"To mark the centenary of Benjamin Britten's birth, Britten’s Endgame explores the composer's creativity in the face of death.  Those closest to him watched anxiously as he raced to complete his final opera, Death in Venice, in defiance of medical advice, tackling an edgy subject with many resonances in his own life.  His eventual heart operation left him incapacitated and prematurely old and frail, yet somehow he rediscovered his creative urge to produce two late masterpieces. This is a rich and poignant film about Britten’s final years, and the impact of what Peter Pears called 'an evil opera'.",0.6,/j94qqELDTsOxYxXZOpNKYWhwzdh.jpg,"[{'id': 107978, 'logo_path': None, 'name': 'Crux Productions', 'origin_country': ''}]","[{'iso_3166_1': 'GB', 'name': 'United Kingdom'}]",2015-01-01,0,120,[],Released,,Britten's Endgame,False,0.0,0
False,/9ZscJdBhYb5RWBG0qsJD3Cy07oH.jpg,,0,"[{'id': 80, 'name': 'Crime'}, {'id': 18, 'name': 'Drama'}, {'id': 53, 'name': 'Thriller'}]",,51491,tt0292502,en,Endgame,"Sex is currency. It commands power and can instill fear. Tom, a young man with a troubled past finds himself sucked into a seedy underworld by George Norris, a now super villain with a sadistic streak. A helpless pawn in one of Norris's narcotic scams with a bent cop, Dunston, Tom is dragged deeper into a vicious circle of blood money, vice and ruthless violence from which their seems no way out. Until fate gives Tom a glimmer of hope. When Norris is killed in his apartment, Tom seizes his chance to escape. Terrified and covered in Norris's blood, Tom heads downstairs to his neighbors, Max and Nikki his new friends in the city. With going to the police out of the question, Max and Nikki speed Tom to their desolate cottage deep in the Welsh countryside. With the luxury of space, Tom begins to realize a long-forgotten dream; a return to happier times before his innocence was shattered. Suppressed emotion flood back provoked by Tom's attraction to Nikki...",6.848,/zHbtfCHvSeZbogq3Iv0vNYxDnkb.jpg,"[{'id': 18562, 'logo_path': None, 'name': 'Various Films', 'origin_country': ''}]","[{'iso_3166_1': 'GB', 'name': 'United Kingdom'}]",2001-01-01,0,109,"[{'english_name': 'English', 'iso_639_1': 'en', 'name': 'English'}]",Released,Sex is currency... Death has no price,Endgame,False,4.9,11
False,,,0,"[{'id': 16, 'name': 'Animation'}]",http://www.philmulloy.tv/,401828,tt6206168,en,Endgame,"After a tough week at the office, Richard and George like to play war games over the weekend to relax. The dispassionate atmosphere and minimalistic style with which the growing brutality is handled slowly wipes the smile from your face, before making sure that it doesn’t return.",0.6,/jntVd28HefooS3ykVMADPAWgY8Q.jpg,[],[],2015-01-01,0,7,[],Released,,Endgame,False,0.0,0
False,/nOKekoCQuwYdNg2JsUbyo6NNdVC.jpg,,0,"[{'id': 35, 'name': 'Comedy'}, {'id': 80, 'name': 'Crime'}]",,752803,tt11564214,zh,人潮汹涌,A world-class hitman ends up swapping identities with a down-to-luck extra actor during an accident.,10.496,/3chxejrvpOU5sAc0vU1xjiyoc7m.jpg,[],"[{'iso_3166_1': 'CN', 'name': 'China'}]",2021-02-12,0,119,"[{'english_name': 'Mandarin', 'iso_639_1': 'zh', 'name': '普通话'}]",Released,,Endgame,False,8.0,2
False,,,0,"[{'id': 35, 'name': 'Comedy'}, {'id': 18, 'name': 'Drama'}, {'id': 10770, 'name': 'TV Movie'}]",,68139,tt0216736,en,Endgame,"Hamm is blind and unable to stand; Clov, his servant, is unable to sit; Nagg and Nell are his father and mother, who are legless and live in dustbins. Together they live in a room with two windows, but there may be nothing at all outside.",2.286,/s2HzASBTwqD9sVtpx15WJVnTAIX.jpg,"[{'id': 25458, 'logo_path': None, 'name': 'Blue Angels Films', 'origin_country': ''}, {'id': 3324, 'logo_path': '/16fY7pucCzn7WSOYxOGRHlAayL3.png', 'name': 'BBC', 'origin_country': 'GB'}]","[{'iso_3166_1': 'IE', 'name': 'Ireland'}, {'iso_3166_1': 'GB', 'name': 'United Kingdom'}]",2000-09-10,0,84,"[{'english_name': 'English', 'iso_639_1': 'en', 'name': 'English'}]",Released,,Endgame,False,6.7,3
False,/9fd2eoCgu16WtSAUEDB2rzg2Mmp.jpg,,0,"[{'id': 12, 'name': 'Adventure'}, {'id': 28, 'name': 'Action'}, {'id': 35, 'name': 'Comedy'}, {'id': 53, 'name': 'Thriller'}]",,41135,tt1268987,en,Operation: Endgame,A battle ensues among two government spy teams in an underground facility after their boss is assassinated.,10.985,/ugbGBbzoPQXSgolQVVqRC3NGpIw.jpg,"[{'id': 5859, 'logo_path': None, 'name': 'Infinity Films', 'origin_country': ''}, {'id': 5860, 'logo_path': None, 'name': 'Anchor Bay Films', 'origin_country': 'US'}]","[{'iso_3166_1': 'US', 'name': 'United States of America'}]",2010-07-20,0,82,"[{'english_name': 'English', 'iso_639_1': 'en', 'name': 'English'}]",Released,Two rival teams of assassins. One killer day at the office.,Operation: Endgame,False,5.0,137
False,,,0,"[{'id': 878, 'name': 'Science Fiction'}]",,28850,tt0089091,it,Endgame - Bronx lotta finale,"In the year 2025, a nuclear holocaust has left New York City an irradiated, but not abandoned, wasteland. The ruined city is inhabited now by scavenger packs and telepathic mutants, who are persecuted by the elite survivors. Keeping the people pacified is the reality television program Endgame, where hunters and gladiators fight to the death.",2.042,/vm3Vyng17XlQEgmEQlWKBMzzGPv.jpg,[],"[{'iso_3166_1': 'IT', 'name': 'Italy'}]",1983-11-05,0,98,"[{'english_name': 'Italian', 'iso_639_1': 'it', 'name': 'Italiano'}]",Released,A future world where violence explodes in duels to the death...,Endgame,False,5.3,24
False,/5acVDrmC6RFcJrCj74CfH5LoIsb.jpg,"{'id': 8050, 'name': 'Highlander Collection', 'poster_path': '/mNIXoyFicGseg9NoG3NHKZolKze.jpg', 'backdrop_path': '/4f9kGJeKQTWjK0aAVootsdinDju.jpg'}",25000000,"[{'id': 28, 'name': 'Action'}, {'id': 14, 'name': 'Fantasy'}]",,12211,tt0144964,en,Highlander: Endgame,"Immortals Connor and Duncan Macleod join forces against a man from Connor's distant past in the highlands of Scotland, Kell, an immensely powerful immortal who leads an army of equally powerful and deadly immortal swordsmen and assassins. No immortal alive has been able to defeat Kell yet, and neither Connor nor Duncan are skilled enough themselves to take him on and live. The two of them eventually come to one inevitable conclusion; one of them must die so that the combined power of both the Highlanders can bring down Kell for good. There can be only one... the question is, who will it be?",16.042,/pFgdn4kwtgLjd73lXFtif7G2GWs.jpg,"[{'id': 2737, 'logo_path': None, 'name': 'Davis-Panzer Productions', 'origin_country': ''}, {'id': 7405, 'logo_path': '/rfnws0uY8rsNAsrLbx3gEIcYXx3.png', 'name': 'Dimension Films', 'origin_country': 'US'}]","[{'iso_3166_1': 'US', 'name': 'United States of America'}]",2000-09-01,15843608,87,"[{'english_name': 'French', 'iso_639_1': 'fr', 'name': 'Français'}, {'english_name': 'Gaelic', 'iso_639_1': 'gd', 'name': ''}, {'english_name': 'English', 'iso_639_1': 'en', 'name': 'English'}, {'english_name': 'Italian', 'iso_639_1': 'it', 'name': 'Italiano'}]",Released,"It will take two immortals to defeat the ultimate evil. But in the end, there can be only one.",Highlander: Endgame,False,4.8,263
False,,,0,[],,756793,tt9322990,en,Endgame,A Father's cautionary tale about internet safety turns sinister when the lines between truth and fiction are blurred.,0.6,/8xSSFMas5hx0oyz6NWGTxqMcCBi.jpg,[],[],2020-12-01,0,12,"[{'english_name': 'English', 'iso_639_1': 'en', 'name': 'English'}]",Released,,Endgame,False,0.0,0
False,,,0,[],,233407,tt0365162,en,Endgame,An adaptation of Samuel Beckett's play.,1.557,/thMNnM22Uk1BVg0MHsL42sd3LJN.jpg,[],[],1989-01-01,0,90,[],Released,,Endgame,False,0.0,0
False,,,0,[],https://myspace.com/luiscamara/video/endgame/1844785,320200,tt0299847,en,Endgame,An ordinary chess game between a man and a woman turns into a battle of the sexes.,0.6,,[],"[{'iso_3166_1': 'US', 'name': 'United States of America'}]",1999-12-01,0,8,[],Released,,Endgame,False,7.0,2
False,/kd95nBirBiMK5AjMlrB2eqIY7HA.jpg,,0,"[{'id': 18, 'name': 'Drama'}]",https://www.facebook.com/endgamemovie,376651,tt2941396,en,Endgame,"Since he was 5 yrs old, Jose's abuelita taught him to play chess like his grandfather who was a champion in Mexico. Now as part of the Brownsville school team, Jose has the chance to use his skills and for once in his life, finds himself in the spotlight, as he tries to help his team make it to the Texas state finals. As their coach, Mr. Alvarado, teaches his students the meaning of perseverance and team effort in the face of adversity, Jose discovers his own strengths and uses them to bring his broken family together.",6.139,/bx2qO3rfiOL6LXtbWlTDzFNQEcZ.jpg,"[{'id': 80274, 'logo_path': None, 'name': 'Sparkhope Productions', 'origin_country': ''}, {'id': 80275, 'logo_path': None, 'name': 'Avila Entertainment', 'origin_country': ''}, {'id': 80276, 'logo_path': None, 'name': 'Late Bloomer Productions', 'origin_country': ''}]","[{'iso_3166_1': 'US', 'name': 'United States of America'}]",2015-09-25,0,90,"[{'english_name': 'English', 'iso_639_1': 'en', 'name': 'English'}]",Released,,Endgame,False,6.0,7
False,,,0,"[{'id': 27, 'name': 'Horror'}]",,353227,tt0416821,en,Horror 102: Endgame,"A group of high school/university students are staying in an abandoned insane asylum  as part of a school project field trip, which turns out to be haunted by the tormented spirits of it's previous inhabitants.",5.633,/5jLa9Qgv642unRBbiT9NAWKWTK4.jpg,"[{'id': 4824, 'logo_path': '/7hbsinpDzqlWbjp6jumTFcmUnOj.png', 'name': 'Taurus Entertainment Company', 'origin_country': 'US'}]","[{'iso_3166_1': 'US', 'name': 'United States of America'}]",2004-09-04,0,0,"[{'english_name': 'English', 'iso_639_1': 'en', 'name': 'English'}]",Released,,Horror 102: Endgame,False,1.0,2
False,/oDvkt6sbGBLXt6EfPgl5ozoIb2f.jpg,"{'id': 407273, 'name': 'Dead Rising Collection', 'poster_path': '/uutDuta5s9wkClEtuPPwHpgqk73.jpg', 'backdrop_path': '/5XvDksmqMvsDgNbVYOgIJiZ5L0W.jpg'}",0,"[{'id': 28, 'name': 'Action'}, {'id': 27, 'name': 'Horror'}]",,400605,tt5481404,en,Dead Rising: Endgame,Investigative reporter Chase Carter must stop a secret government conspiracy in the zombie infested quarantine zone of East Mission City.,11.455,/yQZCTiMWnXNTeKtnBAOmGdUT0rf.jpg,"[{'id': 37217, 'logo_path': None, 'name': 'Contradiction Films', 'origin_country': ''}, {'id': 59429, 'logo_path': None, 'name': 'Legendary Digital Media', 'origin_country': ''}, {'id': 78424, 'logo_path': None, 'name': 'DR2 Productions', 'origin_country': ''}]","[{'iso_3166_1': 'US', 'name': 'United States of America'}]",2016-06-20,0,96,"[{'english_name': 'English', 'iso_639_1': 'en', 'name': 'English'}]",Released,,Dead Rising: Endgame,False,5.2,128
False,/oJk602G6mEnhuyEOvUroCQIXASi.jpg,,0,"[{'id': 878, 'name': 'Science Fiction'}, {'id': 18, 'name': 'Drama'}, {'id': 28, 'name': 'Action'}, {'id': 12, 'name': 'Adventure'}]",,718185,,en,BCTV: Endgame,"The Bishop Carroll TV Broadcasting class faces its most dangerous challenge yet when their new broadcast is completely erased. The senior Class of 2020 takes the reigns to save the broadcast, but in the process faces a dangerous journey through time and must reflect on the unavoidable and emotional end of their high school career.",0.6,/sKnjNsZ2AKYHOSxKgjIaBKAqOTk.jpg,"[{'id': 136162, 'logo_path': None, 'name': 'BCTV Studios', 'origin_country': ''}]","[{'iso_3166_1': 'US', 'name': 'United States of America'}]",2020-07-10,0,24,[],Released,It All Ends,BCTV: Endgame,False,6.0,2
False,/q3pD0oLk1PF5EFqcAsK2fYagHwj.jpg,,22000000,"[{'id': 80, 'name': 'Crime'}, {'id': 18, 'name': 'Drama'}]",,15102,tt1217616,en,Endgame,"The time is the late '80s, a crucial period in the history of South Africa. President P.W. Botha is hanging on to power by a thread as the African National Congress (ANC) takes up arms against  apartheid and the country tumbles toward insurrection. A British mining concern is convinced that their interests would be better served in a stable South Africa and they quietly dispatch Michael Young, their head of public affairs, to open an unofficial dialogue between the bitter rivals.  Assembling a reluctant yet brilliant team to pave the way to reconciliation by confronting obstacles that initially seem insurmountable, Young places his trust in ANC leader Thabo Mbeki and Afrikaner philosophy professor Willie Esterhuyse. It is their empathy that will ultimately serve as the catalyst for change by proving more powerful than the terrorist bombs that threaten to disrupt the peaceful dialogue.",8.002,/b8WzwCABwVRVdw14OcE6pmezJjK.jpg,"[{'id': 773, 'logo_path': '/8GHHXJTeF5XU5a5EN6myMiYwSJh.png', 'name': 'Film Afrika Worldwide', 'origin_country': 'ZA'}]","[{'iso_3166_1': 'GB', 'name': 'United Kingdom'}]",2009-01-18,0,109,"[{'english_name': 'Afrikaans', 'iso_639_1': 'af', 'name': 'Afrikaans'}, {'english_name': 'English', 'iso_639_1': 'en', 'name': 'English'}, {'english_name': 'Xhosa', 'iso_639_1': 'xh', 'name': ''}]",Released,,Endgame,False,5.8,32
